Feature1;Feature2;Feature3;Feature4
0,35533819559013700;9,53072768622137;2,7098259505829300;6,30282123681717
-1,809267714588260;8,67429405082686;6,6871810918644;7,610808849784670
0,6353291952162060;3,00501571023939;1,1605472958807500;10,43423079018340
-0,11766730219285300;1,6528303734945800;4,449830977294410;13,14385464947040
-0,4554670562497410;4,433893961280130;2,562459613603250;11,011246933759700
0,24495709317200400;4,118987079559670;3,1403832547919800;9,640154961899330
0,47463348556679200;5,877193053312040;;7,023365800040800
0,7075918219746200;5,97386232327748;7,428209074997270;
1,1782528475480000;7,659869843799750;4,0895410999369400;13,050867907367900
0,40813591277835600;5,278899482056100;8,184651392029810;11,074850819579200
-1,3756340887863600;;8,573172653693070;7,043044128031460
-0,47364545765119100;8,802913355531060;8,897367737247110;12,646127389056600
2,9430483352686200;;4,522466158095710;13,92173422778430
0,7244910603817280;9,97297460306592;-7,026558883566440;
2,369287300811500;1,4586010867977000;5,33591128572555;8,966908982822850
1,3954340821991900;9,882511722325030;3,8150243428784700;11,608914567403600
0,24180207155574900;1,2301180688251700;5,368740517683900;8,716404725932250
0,3014070697811170;2,6503613794705900;2,6196075857267100;
-0,03658003987684580;0,8257994208654160;0,7090484744047100;15,109612534850000
-1,7378046158465000;3,4556445009321700;5,858269198843230;
0,01804725246822430;8,902987365717920;3,700453390566990;14,278242894933000
1,2106745525422000;4,760710818159800;2,416616323922280;6,745524729787020
-0,5996399948212040;9,725220750424300;2,639547394661510;11,3052572247271
0,41195299906181000;6,362990717556000;7,3402436415308000;11,984897198449400
0,8515910458931970;6,780071354465230;5,208225581844190;7,983464131406120
-0,9096804393124750;8,9541920170077;1,2053856350726300;14,963515398075600
-0,4513028643436650;3,488002050518390;1,8460271748242900;9,783439647336290
-1,0179114904771600;4,082657213276260;3,606240788365960;4,785350936057500
-0,8221656066894070;9,619519191946440;5,112818716684060;8,909224852045000
-1,2876052836530600;9,589634960387640;2,540857243254300;6,996777446428880
-0,9004484613780270;10,364827762008700;3,754106650309340;-2,44702120173811
1,4194556807978400;9,63838316441671;4,299102376460350;
-0,9154770290902930;1,9137203603336100;4,310536818205350;11,351755061359400
0,12645921906069000;8,826613815861580;-0,7802724379985130;
-0,5028687536709560;4,778384781095940;4,42328274360613;1,1868546317229100
1,178865937036940;10,608013559459400;0,48428071411930200;14,498712312867200
1,3111622966036200;5,442809643288010;3,3472030369980900;8,668571382582550
0,8640699821389470;6,278360825022210;2,887169906183000;12,420817979966700
0,30613455310275500;6,057749152567990;1,7025342015996300;11,36747075302720
-0,23105953684089900;3,997370298582780;;10,226756278912200
-1,1918747041912500;1,5502208889291800;1,5520482802064900;
1,9435288811222000;9,776512304019190;-4,704295694051330;10,784022459332500
-0,7596730177525530;8,866758125262870;5,497468346006380;
0,6636463470328410;5,188112095645210;2,606999188020680;11,831917257224700
1,0595655726234000;8,647682713500730;2,737991021072030;6,563978007826970
-0,5552804969053290;7,1584666605061;3,1136891118947400;
1,0380125273159600;5,011437879176220;4,701005041142200;15,863760495884200
0,7642132033388550;3,4802114909556300;6,4826152095884100;10,611508103055400
1,7279638353817700;9,557287835022330;1,687756804124350;
-0,4693464664267110;7,981882592940530;1,8198360690678200;8,491349415293650
-1,2858640172797100;6,477399094691370;2,947329190146930;7,183703051690680
-0,5054897554445110;7,11568533898464;3,9302813025343500;7,975534593079350
0,20885354253433200;1,9506618208218100;1,8995066720052800;11,775416314933800
0,05821272708505650;5,7991976091119200;4,7871267357723100;8,448479942388680
-0,39343789627455000;3,0170029278570200;1,5454444970948700;10,147261440372600
-1,909197458977240;3,183836790088250;-0,4517091789919250;19,903651000575600
0,4704829961291070;7,7330396228686700;2,2673267747891400;6,60852677300078
1,9723444790822;10,252561518342900;4,585178946292490;
0,46425123812300400;5,197566104783470;5,349301271265520;8,051795099778290
0,6091355190535140;3,2574927301219000;-0,7537995943142490;10,325548597148100
0,5724453061551020;7,687469372366540;1,8687698969542900;10,155528638321600
0,3970466698824000;9,931870463503180;2,6678836636025200;
0,9316659668680950;8,723188011224910;6,653916346835770;10,771085718891600
0,39537368118566600;9,947572305365870;2,791597210041880;7,940659392572150
-0,31267716965327600;6,645546710107990;0,38696662394908000;0,5186444439901460
-0,795988910008754;8,81876244369191;3,6434809295095800;10,446723541659600
-0,24897365528067500;2,7206455935893600;5,638912451592230;11,337355483026200
0,31412949645066600;4,822746153631920;5,183277885921670;12,729767485139100
-0,31608296112297300;5,2554916448152200;4,083596328655600;7,652664750108510
0,3143386831314310;6,492957462460350;3,4552647342163300;10,922046996514100
0,43915013370041800;10,690763602568200;-1,6355046189017800;9,883408506562170
0,8331794312701820;10,162965602221700;2,9213329101074200;14,275798921276600
1,2827949688389800;2,7852549228918500;3,1962805250634700;16,695476355957500
0,0780074184788575;3,187896518824630;2,490180651497810;
-1,3077765651476600;5,056405495889110;4,194199774978730;15,319970690362300
-0,3451040968191900;4,407438658906740;2,3980043944546100;7,12488267057571
0,044062567406599400;7,667709531562620;1,9828735899944;12,122021053927400
-1,8357687561770900;10,56776047764550;4,767995443304510;12,31999042871790
1,388664520102480;11,182915416725900;1,8328225724486300;7,108256668459160
0,14237791251046600;5,656076141795260;2,759308144278250;9,094719655224660
0,3813528345802850;9,981592014010870;4,395062559363770;8,822837463592070
1,3655264625262700;6,872022002307970;0,5486624974935550;7,685802311469920
-0,6301428301423470;3,7232694686004000;0,30162733567726200;3,641346269028800
0,5740419308840300;6,906884120934770;5,225880311301710;11,038251655306200
-0,10986412310193600;7,230826014376510;1,2945759926271800;11,419678495578300
-0,1840868670159190;9,124575642135570;3,834864863372200;11,416123582183800
-0,7721923878043790;3,9188298970734900;-1,130642063680550;14,017118313391600
1,6656032136865300;5,4231038208673200;-2,616103186217340;5,926506041321300
-0,3755000400755710;5,400274692145660;3,088460116690520;10,616849646362700
0,6994642468957020;11,374395957411600;2,0749586964210500;19,45993371756330
-1,8750073874719400;6,239449603267190;8,468394651717270;14,460267738888400
1,1799885296897900;9,370939672981460;6,019417605219680;14,497391007683100
1,0522111559570600;;-0,23468363982477000;8,790216614351780
0,09743411029730300;;2,286375788492860;11,272288287041100
-0,22694246613792400;7,598696893717320;5,134932171165170;4,980418021207840
0,4000000056135660;10,843028933186500;-0,03598022699331870;13,656446921912500
2,2887906608802900;6,671977194569500;0,9505459284543340;16,120897206069300
-1,7632366989034900;11,39117507342550;-1,444570408003200;7,5906071731738900
0,7820273875741280;;6,535698518337170;8,483347033179280
-0,9116173021539030;2,7215910577403100;-2,3790810123356200;11,883915899487300
-0,019918396299731200;0,16350825027993700;3,5971714052868800;12,459882005643100
-0,24788011907866300;10,562298557667600;-0,6695999215603580;10,394823562858400
-0,4283182577977560;11,965898759338400;-0,16178446479739200;9,593891262572320
-0,010465129052729300;8,85393488112426;4,037907874446440;9,646028210357610
-1,1341711452777900;11,446879266671500;0,3949791354111140;11,932906418555600
1,029180436127970;10,369490250841100;3,1535751424541400;20,836482937732600
-1,7941435111986000;10,56426333120090;4,580063167689990;11,972093266886800
0,539764512828342;7,8314157045426800;2,1913939713047200;11,705420622251300
-0,3265358525345710;5,983645979167110;3,5385716984283300;6,882237171182940
-1,1709248938074500;11,525580725432800;1,8913463912053700;14,781176026114700
0,2023833705986950;6,521171756158950;1,9540121705570900;-6,481265882643560
-1,556951086706480;7,608193672496690;0,4001418083235460;10,9101213052404
0,03971382171963470;6,701143071251880;5,497718867346250;13,0054150213131
-1,4228769078115500;7,908183139601970;3,09568898823066;9,728570429135280
0,4612720843178310;6,985050789923270;2,623610548905350;11,0324221657729
-0,9243573336303760;2,779675585794760;3,090589516159210;12,62276293222480
-0,4509940170293090;11,140481860077000;0,16541932976731400;10,284335918985700
0,2939493879431620;6,7839381891577000;3,3519437717049000;7,402973859478800
-0,7725421118422360;8,249436485073490;4,571761562983830;6,934583449775440
-0,05796399966830250;3,77187802757987;-1,3313952434008700;13,717198463311900
-1,5138305012448500;2,433878479826390;2,4831256030767100;12,306673639658200
0,6308756035961560;11,652600645401700;1,4955801396675800;10,08628015390360
1,7649138055507700;9,485860321333500;0,3016301272490100;8,954591822908780
2,7922088679099600;-4,6376936281292200;-0,8765119808903910;12,398351994588100
0,09116814666643920;11,56887440386470;3,3838393259759600;
0,7882041407971870;4,650225693561850;1,6659793258499100;10,699814365185900
-1,7806256729074900;4,565936142917760;0,8057399929955850;
1,5027343263055900;4,355079616214960;2,2747642269996400;13,429292799578600
0,7762285047241060;2,6998171297136500;0,9050384249617640;17,809708952612700
-0,483933444951233;10,298054684782300;-0,2781434434941580;14,275879950154600
1,2371808002890100;11,350345312452600;1,3579040958911000;15,17268804600550
-0,2544760766453420;8,761627026161990;1,0139880728363000;15,933965211123900
-0,4580251830145570;4,521999816798620;-2,508375903036730;10,34793213169310
0,4753349254274910;5,512779969408800;-0,24913318955188500;
-1,0633544998303200;7,439266973649630;-1,5487900024021500;9,965268415453870
1,021624764399950;12,24345951623300;-2,3528045503114000;10,654534292993800
-1,0559898119268400;5,193513718177430;1,8553987458452400;11,43527272761650
-1,0500547898231900;10,05645903919890;-0,44753385965981600;10,623034152741100
-0,9096897884083340;7,154482232929200;2,9428125910382500;13,432307372187000
0,7595000375161220;5,758473483600220;-2,8271926326878800;14,078529393119300
-0,6167753615197080;;0,20449213033354800;8,881572003991890
-1,3479957843671700;3,532067175412330;-0,46185261855288300;-2,5174568443468700
-0,605679999935798;10,826873709303600;-2,415929348406750;11,936605122666200
-0,03204237068048690;5,293019279829670;0,7201740643629530;
-1,1809724836643900;10,134121231929700;-2,301329092595870;10,581563751331200
-1,1516811090343400;3,583483714481950;1,0954316792445700;15,52035699346240
2,1112963340995800;12,47098556165690;2,061517518546910;15,501732528440200
-0,8605654038138870;4,8701498540569900;6,968741243111290;8,052430463122910
-0,3230423687730070;;1,3477669919517400;14,376387021486200
-0,36723700079928600;11,074732096154300;;8,569137868993560
-0,4213568077704420;12,67859924081420;0,44647319774592400;11,79555281780790
0,6213467399691020;7,798906609457500;-1,1820552857703700;12,728042106922900
0,9481429504720500;10,313972938459500;-0,7779030103122490;15,298326111449400
-0,3059544315315920;6,767106570377840;-0,7647482293964490;12,536236030008400
-1,236478286592350;4,923682380196940;-1,7066774030872000;10,038412697820400
1,2744402278489000;7,530759329334490;1,9184226068847100;9,548175378118500
-0,09534109119668260;4,777490153884550;1,3738056573667500;23,560862765376300
1,7303218148571700;12,96044622786380;-3,0400064701616800;11,238601593017800
-2,245585897565160;4,122464911407160;9,169908155022290;11,933919151668900
0,19540322128332000;9,072117234526200;-1,9539707097629300;16,091393780427900
1,9186063338762100;9,46463855254056;0,8346920115068200;14,504693793448200
-0,3532641354381580;8,600795428740540;2,3230190222467100;17,980687530765000
-0,22549342333463600;9,861858857118340;1,0363720466835700;10,18540773796920
0,29551169159033900;4,4218077501189100;-1,2923849232933300;11,13242558171070
-0,5587958188849570;8,830185242052910;-0,5579566046771070;13,831061988136900
-0,31207193205273300;6,172125711273620;-2,7357025131366000;18,756392529749400
-0,33781509419140300;12,721760633010600;-2,612325033563680;10,935403841862200
-0,6274207344263730;10,960716534397300;1,6820994298493900;13,455231938614500
1,2288565502005600;13,085144821597400;2,848224406262510;17,323690278273800
0,4610780322964350;13,68184172719620;-1,4995370576191300;13,529763045423400
0,25062823210330200;6,251331751807090;-0,0037623597349396600;16,46001156390850
0,8085710068901170;5,37422586638349;1,3110475200025400;13,35126638260820
-0,2643558332034670;3,5515458731183000;-3,4876844036777000;14,325371508908500
-0,7742038183529010;5,883257302463210;-2,2873732232711900;14,83544187140420
-0,6026243046145570;10,26775983520430;3,767270970489170;
0,001783041104608900;5,810889221345690;-2,1654329957788200;10,786885506300900
-1,059211708372900;8,610034454826180;-1,003668618838320;9,07529983437844
-0,5002610165866760;12,418181149650000;-1,5158687207920600;14,015357174788900
-0,5161166418714350;10,497579203490800;-4,329558715779950;11,684611866526300
2,1245562298290100;7,52629069906032;-0,2045549229911640;16,73827465989090
-2,7738149399339200;7,324689389121080;-0,4505032485977350;14,542891481107400
-0,17961972140563300;8,177358140084850;-0,06829757115975270;16,727434210030600
1,7256937928147700;5,4104144105990600;-0,6291511146960330;10,035053300456600
0,12184446413245400;10,000007674159900;-1,4097218819763800;16,66460930048110
0,7534174734210930;7,321528191046060;-1,5545444007041100;6,783725145731450
0,09982631509976790;12,223653492620400;10,179468727434700;10,341169567417200
-0,6673333812164800;11,285526600578200;;15,616715318025200
-2,241915934508910;9,8451316409216;-2,2776092247746200;12,23231574867450
0,20545568703630300;7,402022226495160;-2,583827359460720;12,541094765986100
-0,7756066046023910;5,879318316734840;0,476820987790469;14,101702832591700
-0,8003354061653040;11,56151864105620;-0,08779485908397520;18,065865021391300
-0,49898725597911200;8,684090989910870;-1,214579816510170;8,05469157051374
1,7448614066234900;6,087500381773580;3,1245304217198400;17,586119088093600
2,404837542253970;;-2,6413906198888500;17,782380357424100
0,2172079375284010;5,53400904501359;1,4175536305065900;22,276840931365400
-0,4647672239117280;11,67161196205600;-1,3700603489755400;11,81534557903490
-1,1772264174512100;6,209871853003120;-0,5656706301194710;13,566087970509900
0,4685401615460690;9,206422635251980;0,4322724629215650;11,791484892196600
1,782905600065140;8,475463609730560;-1,8950730753838900;14,994329711358500
-0,24734038702515700;9,77610899228284;-3,0833956763472300;
-2,3789960407532200;27,617967622477000;-2,7835516620500100;9,338271426267910
0,6700496718155240;12,697473900817300;-5,242567634067130;11,258931473586900
0,9853997114500500;8,550760718248600;0,15359231464257100;10,484582912823400
-1,5858456403858500;4,213662507347230;0,0754792533202373;28,409149000174900
0,17648418366295300;8,344438057143030;2,047301112184770;16,696996328210100
0,4512260161360990;10,161935374241400;-0,3201421818625810;10,879693518501800
-0,07310730200893850;9,697647590980620;0,13044949485272100;16,71582831852900
-0,7907709190853540;10,653361058002100;-1,373092711738710;11,365601483227300
1,0159372235635600;5,700757324730840;-0,31024155836791100;
-0,4033797459686830;10,645350987807300;0,9091858673198410;13,328805711422300
-1,485186162699930;6,026516187437720;-0,9370555662827180;12,874897882807200
-2,049474485669680;11,72523980696750;-2,3724631156775000;17,647351612430100
1,2608495199993100;7,6308761326268;-1,8004524691230400;19,603072193174300
0,6166639764711180;11,358954333814500;0,1137272064670040;8,434751675304480
0,08797354712916900;4,758655989061070;-2,4025268125516600;16,07830703932330
-0,44027463685080400;8,378600255909130;0,3281326523423040;14,832002726504900
-0,528998414203127;11,370345222633300;2,3371957433814000;
-1,0757366484416100;6,608705163314940;0,2929242696636130;10,024457206908600
-0,43145564455988500;17,737110143293200;-0,04572819358250780;11,107038033909600
-2,1200872151201700;10,68779733104930;0,6541571881214340;12,365710824806100
-0,7360636534685140;10,275617721498000;-3,15373896716436;15,039197306104000
-0,31093751635109400;7,955488542043370;-3,3651639320728200;12,222038748597700
0,6098800471904190;9,264514703811180;-3,4152447802989800;13,470931332418800
-0,03992646337336380;10,43349300977850;-0,5805358623028840;
0,794923113875559;9,204621139148910;-2,4989257745741400;20,626440857295
1,3491351051134300;5,564372575974680;-1,8079847838374000;19,04352203983950
1,0581700938241000;8,856969331069600;-0,9426871386942700;17,098185613016600
0,4705098473785570;11,029767925511700;-3,4908425765171400;13,994446866439900
0,011862679180784200;6,6993378280104700;-2,843847599255990;11,888189793185700
-0,9807880084135590;4,638037688429410;-1,224234396741530;13,602126021814500
0,7399440513793160;7,6095771555867300;-2,481707738218670;14,426293245836500
1,6797473822215300;12,109176404785200;-2,324902063115190;11,13958655569190
0,3421060396504180;;-4,025310032593450;17,085362056358400
1,917259148426120;6,6846754209575;-2,357823034697470;19,218351603706600
-1,5255717080610800;14,270439968714100;1,2843399557357000;15,047265774151700
-1,1541633847795400;9,724027934801270;;
0,8552015077482630;10,579544148104200;-4,374021630088170;18,34529642913640
0,26429021015325100;11,807652818616300;-0,1937276847771910;11,636049329967700
1,3137821765718100;11,984334230224100;-1,0932901363167500;9,546581899499580
-0,015471640726739600;5,630436213060710;-1,7447631149647800;13,282952494647200
-0,8679754225283320;6,999911268969310;-4,8372839316650000;15,087648097384500
-0,21359324220504200;4,908148332944730;-4,58322736639614;22,098213011190300
-1,532683970923730;12,001276404767400;-5,334637699594040;19,106670748035200
-1,1285906730970300;;-1,426936997699110;20,70640469575180
0,9724439979180100;12,746525160763500;-0,28026214299653700;
0,87278741446961;8,289362199370260;-1,419464786455710;11,954608026782000
0,3630042848060770;13,11333752298860;1,5198047954333300;16,37888604551720
-1,7210775209604700;6,246982537483130;;11,985179131944300
-0,35840357551288900;6,693731567575080;-3,087338882669670;18,3892806470626
-1,2249998886600500;14,53837771630710;-2,2568762172102400;14,285705226259000
1,1765332537877700;9,084873888822730;-2,958996831486630;17,181758568537300
-0,5837221335626010;8,507028108429780;-1,53257818030038;17,72569178296880
-1,0857477107815500;12,676470325232200;-3,839241877877440;16,65387404152060
0,029796165121424400;6,029513926267150;-5,3794486898849900;20,41584218931500
-0,6401544568346120;8,592170196384880;-6,198681157983170;15,614819348289300
1,4837439102037100;13,472399995154600;-1,6889747524692500;13,59041404915210
-0,7348108975341910;5,78797077262172;-3,7318222412189200;8,813431346545380
-1,3992282592246300;14,563435076713600;-5,049081960902350;8,28811632720743
-2,1529135157575200;15,02316842272010;-3,9781181399984300;17,116114315666200
-0,030786502413415200;6,065681738250800;1,1350638051909000;14,628467823987600
-0,5619301138579260;8,11272522255737;-5,021786785672390;12,75381257931500
-1,4289046065117300;8,944006660353560;-1,3756169393004000;30,21632308696950
1,1892264612557900;13,00391368652730;-2,0178128571017;
0,6672451474292420;11,219268121167300;0,37478191589233100;12,309394862161600
-0,028217878937229800;11,723657004925700;-3,1661857432282800;20,171982961426500
1,3643262441708700;12,87509822818510;-6,070688796861380;22,352959847203800
0,662536033398613;6,499789994370260;-0,9949093904384740;8,445399873466090
-0,8228559015184320;;-3,509644630225580;17,349475436278700
-1,039220163990770;12,41619804180140;-0,4910737403760970;16,680064780527000
0,8179815444538610;11,153417251963700;-1,4380622133766100;12,417053569153200
0,396366956467351;14,297353347830600;-1,1082608152387400;12,454035769931600
0,1697477679706620;12,423063538838100;1,6069634186507600;15,052226334436500
-0,8464978028689070;7,456999626310260;-2,5960039102080800;
0,6079475670057540;;-0,3042898603774320;18,733770882943500
-0,7554988831339490;10,420428669357300;-4,029691068059420;14,741668458426600
-0,10198665459367800;6,0521762675040600;-2,16857720666866;12,138114900983500
1,4469441463869800;15,066375133600600;-4,2845414391437300;15,253031923349900
-0,6608342358101460;6,825772607968790;-2,351520321884740;16,939269902227100
-1,572989257072860;12,534612672267300;-2,590389005453130;4,141058683823510
-1,0525471918701100;10,642310360908800;-7,491133087012160;9,600726424141210
0,9942988266876230;5,856322498844230;-4,623455787313580;15,979103312287000
0,25473113738020900;14,867474758643600;-9,474259431145390;-0,13973922956097000
-0,12887737868875400;14,15836808818930;-7,974785964421960;13,258755000866200
-0,5090938053115690;10,902579279038400;-3,6816887414103700;17,067315509697200
0,4853599075531900;7,969423361394450;-1,503059420320770;13,916303313039200
-0,8491048509902240;6,916228906800940;-0,9495070335485880;15,276664639602300
0,3056655686425960;;;20,07915329591180
-0,7312545688129570;8,294282810460910;;14,683887993934300
-0,897659385275054;10,826912010063000;-1,223766973660800;
-0,6374874348250120;15,44409296123430;-7,965781394477730;17,99974393420510
-0,3754074464839620;11,549534932296400;-3,4684161740313500;13,005877094570800
-0,048829835933703200;14,719310558901000;-3,2771415775760600;14,390939156563700
0,23545579511111400;12,348788374957800;;12,052071344878300
-3,688365291428440;10,612465265872000;-3,2172300781498500;21,187136590261200
-0,8076505577467650;14,426075627333700;-1,0325379207839000;19,853543791265500
-0,39156997735603900;10,613681101730000;-5,411563370794190;14,82481848116730
1,50506203860833;14,60628170510360;-7,076098506797730;10,335815738174000
-1,0800026083821300;8,855767695757650;-5,205676375244210;
0,16279661809991300;7,248130737629880;-0,7860231266393690;13,374051310284900
1,4950303097358400;16,404215644880300;-2,1181612399871000;13,385978231574200
-1,3129685299472700;11,874151637926700;0,6449228672803000;
0,39397522586440200;14,910923982489600;;19,715952360958300
-0,8022718339345200;5,145753194872540;-1,977356040612880;18,25850518436120
-0,5046337422892350;6,596283903714490;-2,5802676004531600;
-0,8031108339533150;11,089693018588700;-4,690633474325920;15,608243692240400
-0,7318573084158860;9,849645490745290;-2,5981448166745500;12,138692115033200
2,721912147906490;13,617652135911900;-3,90007037815303;17,163826350995900
0,8444558720716660;14,075911972023200;-3,2893849689169900;18,293189894077500
1,101737861786210;8,96590215974369;-2,8789001379928400;14,374752960321200
0,49199348683649600;11,747983843731700;-2,309781409489880;15,080909613912700
-1,606256788401960;13,287285799049000;-4,1263766676791900;19,530155772549700
0,39495797032330700;7,56431082835734;-1,284859158496570;15,042573440149500
1,0729296145073500;14,380669059512700;-4,791450649790240;
-0,8533994740391110;12,321095998529700;-0,6224847586237290;15,994800564019200
0,9653266671611270;5,511838147237560;-6,675687856884840;18,276672748818300
0,7043362098540790;;-6,420119049358540;17,17999361271470
1,85204004481367;7,401459423371990;-6,33302053071165;16,977789001344000
-0,4177830125136190;11,405012010369300;-2,5962784365486300;20,89360793900680
-1,0976109822757300;7,218107717094390;-6,15092303861441;15,13144322986700
-0,36162810937254600;16,075265233240100;-1,5897492787929100;8,353063401506010
1,4355709931636200;6,786849582571920;-5,652947421745720;13,67351443477590
-1,828405880841960;13,95503901107310;-3,831428603503240;17,1127948004236
-2,0683757154310300;11,69102398142240;-3,3798249491265300;14,672261410319800
0,08939527893161330;10,146206524982900;-6,721488646198640;27,471601858166700
-0,44258929277415600;7,138421645086550;-7,501546873539410;12,658209918608400
0,0077278931756846400;12,721669241736100;-4,184233599931640;17,19504054836450
0,9453117712358650;;-5,3344832604649300;12,135736892083200
-0,5525693461188520;9,348832730676000;-3,813101984231590;18,586084172892400
-1,8730058309306200;15,662217014103100;-7,531316158609280;14,992797853937100
2,044481557199940;9,62110007342837;-5,583514335811570;12,397907594876000
-0,9972282874387760;11,097254105921100;;19,891746360073700
-1,0590371220121000;12,057624559186600;-9,804939472881180;23,389183163339900
1,1037200137226000;7,642318781762860;-2,969085458085670;17,951961526515800
-0,38448912104151800;15,981617192136300;-6,504883690232180;15,803737491167600
-0,06338985203481080;10,42536152451040;-2,021677316654820;13,79979496554880
0,48279012406031800;7,5077921387434400;-6,435661435828280;17,485503836315400
1,0835831031100000;;-6,1226534719859000;5,452212966005470
-0,33346069318177200;12,742025470925800;-7,5938242371209600;
1,5199520059143000;11,896526718213300;-2,8467745378228100;19,44631376898020
-2,1357998487348100;13,72541974037270;-4,2616763009796000;21,321669063112200
0,7597872369530770;7,354839420679110;-2,3997285777349900;13,02093539802990
-0,8395275580176570;9,665406102720560;-5,644697986876690;17,702147905157200
1,3722713166079900;15,032305768401000;-5,343431493566160;11,130004001730300
0,14204447883054500;7,658936877913610;;14,417853585525500
-0,6729053320094020;27,470640092294200;-6,56808875373902;14,800115253102500
0,6628410930216330;7,818960920771060;-5,009002690465420;16,759584773839100
0,8931883472072520;15,264542148917000;-11,860183250717000;12,08730474130040
0,6418941228586380;10,547884010787300;-1,7621250533894700;20,089733492031200
-1,0296962396330600;;-9,141894312484510;15,330298631855100
-0,48401712362208500;8,508871156479980;-5,011090498392240;19,532661686274400
-0,004072837121435030;7,661687217251810;-6,252474552194610;18,538045924204900
-0,0412596526500604;9,17938204020135;-5,3789928135234400;14,52061665677820
0,7497454754383480;-5,130739691564770;-5,354567497379540;19,646718353491800
-2,0149012325066100;10,184058976796300;-5,972369124500470;18,015849920598400
0,3343270545535030;12,223832465110200;-7,886215836266920;17,605143049806600
-0,2899813544366400;12,987594635650100;-8,287554381012330;15,695546327892800
-0,8385006163839520;15,018681073797400;;13,811827881561700
-0,7424867777696000;13,702398932483600;-8,551234994029910;15,883959808584900
-0,2145376645179640;;-5,965808558269770;15,838654960047000
-3,601085104459520;11,297820274857700;-6,276738884277850;19,734856906198100
-0,70128957079155;11,938084349601400;-10,700070603419700;
-0,8758148246462930;-3,870769812779860;-1,9627738476549400;15,824733487065900
0,5327832093226240;;-5,705484667708160;21,81678625266520
-0,8055266825105210;9,560004525484000;-4,424546219922430;15,336988592428900
-0,2151138001704900;7,3372093154196500;-5,4257341355822900;21,48472143201450
1,542276627661300;13,813198972262400;-6,356778638703060;14,283254338743700
0,9943515198154240;9,344621836388310;-8,615531379441340;20,701376640520700
0,9022713999434530;16,24115136309810;;14,881022837100800
-0,4998724304108520;15,950463297066600;-17,537461628055400;20,460310672661900
0,5430322792896520;;-5,683934742335110;13,06782030966770
-0,23389780045359400;8,463884054140770;-7,50301934677834;20,64855683554690
-0,19609321067693800;12,371715922466700;-7,94115823495997;17,713718803721900
0,4096853437465500;13,532226627693500;-6,191067696070840;13,031280928696200
-0,5969935884209320;10,209083374822400;-9,434185956340940;22,731778328928500
1,4930031044432000;14,647977166993700;-6,385074451220230;20,53548950517440
-0,16013013959793700;13,449160209188700;;11,506023765309400
0,618360566259665;10,768241097485500;-3,7387784185289200;16,050119193060400
1,455600479257300;7,793714880423160;-4,132863572011710;20,652805417042300
1,031653774575180;15,061502812985200;3,5372343008381800;
-1,4089191026905200;9,727536658250830;-7,279428052459230;17,915362709631800
0,44489589500988400;15,944737434626300;-8,449271503009620;20,38389394969780
0,8507193944606470;11,822902600542600;-4,7992872767929200;14,997912453450200
0,8918630221607490;13,410774426317700;-7,493786681976470;
-1,1132948341146300;16,389487304090000;;15,123256405391900
-0,6570352370173240;16,134887574118700;-5,0262659783292400;18,084427780366700
0,9945582357416220;11,415195752435700;-2,50780445922563;20,70309287407670
-0,7617603706826460;9,80888892714843;-5,522398979763900;20,064681438894800
-0,29969605666431400;15,491460777285900;-6,199794035098700;
1,5758758095019700;12,090802036021300;-8,882221767980730;
-0,04779925038478980;9,700419935590040;-10,836027286702300;21,04453404127010
-0,726774137833843;16,8442534231715;-5,882714278423790;23,19196861438770
-0,8776173568629050;9,801041942410870;-7,42428394032886;21,322404613642800
0,33271932958518800;8,09807168191231;-7,660836708278860;28,054420614419300
-1,333148008477210;8,0627997376742;-7,603725241880020;20,6622740639314
-0,24733596389641800;14,103153564542600;-6,732069594443510;18,610678242829200
0,33323053499002200;14,516750607175300;-9,768014012940280;22,043295905552400
1,2991498205476700;11,030417050569800;-4,443954390560710;20,52282648131060
0,6675480803699960;11,140109892470600;-4,840653205389090;20,211373007175200
-0,7140651179821790;11,354939150599400;-7,274976703080920;18,835865818018600
1,17841931756372;14,781585467588800;5,020418067594570;17,396217417521100
-0,29951503754747800;;-7,046355409569720;17,249838431858800
-1,235703022049410;17,311163526913300;-6,73687634882692;16,793868416780600
-0,1720413592654730;15,112556921463700;-7,660193392170830;
1,438169201145700;18,056732052420900;-5,091829880034210;21,59528087546300
0,1652400500649250;9,79522693787187;-9,968216342017130;21,486505690576100
0,012521864329786300;15,815464573123800;-8,573872339869470;14,944424223265400
1,6372116447028500;10,354125449296300;-5,629516016271880;18,378459413192300
-1,431354847054430;8,94846801643254;-6,561446915042260;17,367826175606700
-1,2855991140527700;16,909333243506500;-8,599082500816750;16,341566589519300
-1,615846470966830;16,76751259190890;;23,76778529580350
0,3726481864800550;12,235703924496000;-8,885920890172860;19,40139336664800
0,1664931271151250;15,243961425404300;-7,950231661558450;19,205827575711100
1,542736367279780;13,810659326839200;-5,272562108915090;16,842238993765300
0,24347507713677000;;-5,523832845869640;20,84627596144440
-0,40415715947930300;11,430559693186500;-6,843526484472150;24,854610278987300
0,0017948728781070900;13,536723999989900;-9,552298074506530;18,54285306718920
0,1177074184609580;13,173723712045500;-8,23531030018954;17,6194555953654
-1,671761273328170;11,879058262568600;-7,317068714381250;18,068244571634600
2,710331644334890;17,27455064556370;-4,6291572238694600;
0,5198710181019120;10,038779246625400;-11,134738867285400;18,37140180667990
0,21000830802258900;9,895086395206960;-9,344288093799720;24,899472864666600
0,6151639842785800;14,189095353227500;-5,372793215755650;15,760353509731200
0,709410980586605;15,01494229984940;-4,9396658444120100;18,37628282726900
-0,14055348550243200;10,406192543245700;-7,829427474555600;
-0,6312411362407010;12,387174422546200;-4,643198517553510;17,660656310886000
0,599450686321704;17,96563842978740;-9,21674230884286;22,870934858589000
0,38571084053145200;10,98617422690670;-10,79847880812720;19,766471950942100
-0,8098900990894080;;-6,229539448641740;20,76737444345760
1,419035611367260;2,116313742725940;-5,250590180775610;20,867067037351200
0,29335203632298300;28,640341317835200;-5,313941616035740;18,893937838242600
0,7298193622676310;17,97525986759580;-9,626889212425160;19,255954395007000
1,391920887679920;-0,025244635927824900;;16,039496924475100
0,021888821164834800;13,219245798609000;-6,280363906079910;13,731102331505000
0,31695200698411500;10,527513590536600;-7,388044573536610;27,9106888763654
0,8100272385061170;15,606134434251000;-5,127286581707710;
-0,7248610838000520;14,621901804292200;-27,355976818816400;
0,054051662846000900;9,537109150121980;-8,221231620643020;
0,1255485866511480;12,308886622804000;-7,637619076989000;23,897227327001300
-0,9560585516833950;11,75885740055810;-6,474891721527600;23,679791969069100
2,3176367886738800;10,918388894952600;-8,558919462403610;24,30255292441530
-1,4072934434924000;9,177829680645950;-6,345131712133180;
-1,2981039036871600;;-5,020750583890110;16,15497209864270
1,3142265757035800;17,54055193109280;-9,296142304803340;21,82226683353090
0,7132662507965420;15,643931464059100;-8,619318759419810;18,910398907429800
-1,0259648174807800;15,48532415436490;;13,460818378155500
0,6072890151016930;15,04642818934890;-4,4949432517258500;25,812596074822500
1,4678504449973100;17,41219144694110;-7,1080814292377600;18,396491929923400
-0,030263057596985800;13,742669256656300;-9,982472540068430;
2,598822900074580;17,664108285583000;;5,7286618947759100
-1,7240618108680400;12,574450261822400;-30,127970728466700;18,160564341768900
0,6938234538591020;18,267075043390900;-10,125137134745700;20,622951466605900
1,1665283362210000;16,0065698008124;-10,686760406678600;20,484288005111500
0,8913439016052470;11,611771360244300;-10,028325531351400;18,764823243008700
-0,20435572664564800;;-7,270732903122820;18,151463718519400
-0,2904414820111490;14,410305614882600;-11,358428491684100;
0,4441451710872570;10,478988217303300;-10,036157575343100;1,4728181248458800
0,8157544866520690;15,032429057506100;-8,13268022970532;6,426441755398150
0,6024734362823630;12,28785623716960;-6,528962492702370;17,95679865180400
1,0400578907933900;9,683487668096020;-8,15957851380913;
-1,0188699570667400;18,66656157706570;-8,020630432134620;
-0,22777097912363500;15,61490369064290;-6,790156561900480;17,691708232907400
-0,9400159321237540;17,98918931870850;-5,6354843790473800;15,455590696737200
-0,38611277608614200;16,00056005013250;-5,888976226269050;18,808190016552700
1,0152208918143100;12,829836921401100;-12,972723192136000;19,943738549559300
0,10798392072522900;14,406880723288100;-8,723884175064250;16,25784676288380
2,6068591631497700;16,05746760347180;-7,124968271163830;18,732138599056700
0,19340636718971700;18,922523252014400;-5,580426537957520;16,038313074561300
0,05969188057973630;11,876694591217000;;18,953665096339700
0,10618291944021600;18,109770586241200;-10,758372595720900;24,53648608653310
-0,6378086928599360;18,620778052942700;-10,524025736873800;
-0,057836612377593700;16,104155146589600;-10,498063521858800;14,655279904261900
1,1277880271116500;-0,0971681927038901;-8,514962237498780;20,413390834434000
0,11397066812777200;13,418785874773700;-0,30717880260460200;23,375442549582400
-0,7934597298834710;18,990161760404400;-15,279324330146200;
-0,9250846204786350;16,50782877165980;-11,576578027856900;16,343520348047700
-0,4502018916658430;;-10,138498243038300;20,275045432811900
0,07386343441088040;;-12,004964979843100;19,258653642043000
1,193586535476260;14,384728090331900;-11,737058896181600;
-1,3404886413664400;14,163269847778300;-5,238058739018610;19,01808884167450
-0,3198262778887560;15,244666059796300;-9,387243788328790;
0,14431001943507900;11,09384546771230;-2,4121819783299000;24,184309788139000
-1,8337057676294300;14,311660485674000;-16,328449509080900;17,01723194767400
-0,8335982829664060;17,951272167177500;-7,16786115469923;21,883016825833600
-0,6798885397361860;9,814824591375150;-5,008768671089830;18,45741570228670
-0,7959703738504980;12,409171603243700;-6,109253963939780;13,034292748723500
0,1918895450216470;9,724545864438440;-5,805091139217770;21,12912751345170
-0,1605596095017970;13,877113091498500;-12,64561580068640;21,51832310620830
-0,5552861026010360;17,023155104937300;;15,09227190471330
0,427962626552635;17,747718291146300;-10,443716893349600;18,398212353586900
1,7230747176462500;23,11614374804510;-8,656873589861200;17,91098452900470
1,639256516741750;15,885046129707900;-9,511366957443140;22,229963238292100
-1,9227717720623400;12,366268666529000;-12,676053477156900;
0,5770721838351400;19,08147949136700;-13,063502055341000;20,16027641282600
-0,17802329006383800;17,613157538803800;-9,27198389283252;12,840919850768200
0,1551553428653560;15,624284830031400;-9,579918899301160;26,213418089806300
-0,39828303354254900;16,85640215718940;-10,26975373522300;20,275386892601500
0,11758862988720200;19,16316355007430;-8,914147891919810;35,97716435614950
0,15140739607201900;17,063940284729200;-7,416375078210810;24,224891676472900
-0,5789517573489230;13,643745075847300;-9,319862126668350;12,090550283277600
-0,8963675478251810;17,110282022891000;-11,853300709595200;19,925535220224800
-0,4486956826194840;10,402781627353900;-6,1695607286601000;30,50463725962100
0,23425926445676600;13,884155618305800;-10,382616965246700;
0,5989963416842640;24,02249341732530;;24,138198442987700
0,8533489773401470;11,728382344208300;-11,397316076652600;18,708279615244100
-0,49419002306691300;10,310854805517700;-12,268827097326600;19,5785184788502
0,28384456730273700;11,433812366377400;-12,135988707143500;23,79977079516000
0,9625025919532990;;-12,605588494137100;20,068818888525500
1,1655948951441300;18,162888163636900;-16,22988216044780;27,33775992447030
-0,05883285413152220;20,04203492726970;-10,55251945104690;12,985740382021900
-0,2209317249396130;13,643635031084900;-8,065302289008470;20,780739277817600
0,19112423383639200;16,19379222261100;-12,268624866853400;18,81579977492890
-1,1497074728974100;19,59144966815120;-5,211024221094550;19,60783863863050
-0,19360951103550800;10,774536677171000;-7,587244385438790;23,47419669017780
0,7445863984731300;17,436455863427400;-10,426447668941400;26,988152548259500
0,6419471294437010;17,82978733149160;-12,642163643422600;17,858125519158000
-0,270267604363889;11,189755358693400;-13,644195762559200;19,17184455380670
0,2177182010871670;18,93249385183070;-10,707367350378200;20,04901424425350
-0,8246503402906880;18,471050471108400;-10,3737587063024;18,112466194115700
0,7034921482250250;10,694030065774300;-10,948774228252900;18,986122570531300
-0,07782143613647310;11,290844148800500;-8,431353759414720;17,380617114906800
-0,27595145169613800;;-8,842297079858700;19,132185595228400
-0,3617238360933870;13,767435317993600;-9,684652216892950;23,918627452924500
-0,0628938668998582;15,532889906799300;-9,607068053490900;20,585168185696900
-0,44787764493195800;15,78347727954630;-11,321110524384600;27,843958180923200
0,6581430360025630;13,156667597694400;-10,729836150133200;
-0,3952835480161810;19,615968865602700;-9,9267330931853;21,95648348601650
1,5929640960273800;14,202627898719100;-11,413476325532300;
1,465210503481380;10,995501559653500;-9,4883056584011;22,49131853670210
-0,8915434898545050;13,562271115413900;-12,952351430475600;18,741792424027800
0,06970426942928020;15,891094225441600;-12,334404570599700;
-0,650656621336195;24,559503385128300;-12,99382619268760;21,82176734464250
-0,3266475631886120;13,358425190992600;-12,267244227950900;19,105992230786800
2,002427467644800;11,953232497643200;-11,534568450580000;15,319591800970600
-0,3075714171157990;18,8516450009623;-8,931817726625350;24,591354665130300
0,36022603707742900;20,64145242124190;-10,937135636086000;
0,5413212940082780;13,995421335238800;-13,61861546357020;9,09967791019951
-1,0006293724832400;14,53621044176600;-21,460933506880900;21,374951579211000
-0,8550954744092050;16,92037524676960;-11,941995057835200;23,76049162873920
-1,2060223714081200;17,944414747355400;-9,471197940044200;24,792663698399600
-0,8859707338977770;14,700295348035900;-8,364046110410720;21,092777927046200
-2,8500301093171800;;-14,381529993872400;19,043921816567800
0,5445824007936280;16,420039892289200;-10,485295071059900;25,212805366665100
2,05419384125607;15,34390076405930;-12,063744922951800;21,124157762340900
0,14782073903652700;17,32672753159910;-11,938441569847000;20,41840598047720
-1,4162688593406100;20,408038482491700;-13,448483757819100;25,418968375562600
-0,642776382899948;18,845522944217100;-11,790126494905800;
-0,4588768450249970;11,320131305351200;-13,598358919773900;20,803603856675200
-1,0175847772133800;14,263099107399600;-11,941701846968700;23,897997800808800
0,8601826383951570;15,665446849512200;-9,143484314830920;20,334373536498100
0,8102600443753340;14,125175722091100;;28,611363603406000
-1,1554517938176600;18,001875608304600;-7,672496778622040;18,155734840866600
0,725081044447508;19,28269149862580;-10,477285540596000;24,22882823736970
1,5268126635772700;18,353450951852700;-11,210963861006400;
1,9025582052295600;20,953332868282800;-10,48420878497520;22,437861293062100
2,8652120230859600;6,04941286455426;-13,171596338830600;16,620295321220200
-0,9019926494431980;19,849894950244200;-15,822056697521500;21,174442993949500
2,824220426395200;18,78622665174490;-10,087657697071900;21,684369575584400
-0,3542063885087880;14,761787575581500;-15,300658169474100;
-0,5924654553805140;;-9,496797889404840;20,83067608269950
0,3270723748778450;12,220759564182500;-10,268372513316400;21,966302509553300
-0,5820613340930120;19,093334823405500;-13,499042291420900;
0,3990441406465260;16,543306025871000;-12,702179326244500;21,52042932569530
-1,3200771877373000;14,162901727092500;-11,883077212248300;13,76242733349720
-0,23875260206343400;17,8177730178418;-13,734342634840700;24,734786886740100
1,2855822343616800;17,69619998714410;-10,838959621302100;
-0,05706129143115590;13,394862227196000;-10,692660436835600;17,309007441159900
0,14159578673988300;11,623974148115300;;19,85877135542340
0,4752586047173120;15,676225869016700;-13,656218014231000;18,3955174131354
1,1706616293176600;17,05511869344420;;
-1,655224712189430;20,146052783706000;;25,585260326912100
0,5845240518374350;20,682167956475900;-10,795430008703900;23,773026129319700
-0,26813913924176300;16,708052181567700;-16,791836603052000;21,670531649702900
0,16663789531183900;18,97803483768550;-12,743988355431700;19,257607082978200
1,0599501697623800;15,85303272328000;-11,244652765993100;21,82691287026560
-1,1941866514118400;18,940821565728900;-13,819919634905900;
-1,0126444414430900;13,54801524939170;-14,004824710797000;25,96309581156370
-1,9354299597138100;15,230647348035300;-13,773909365976600;21,0691142181966
-0,5491589417637760;17,882279988136100;-12,925954250182200;17,094158960782000
1,3304323443788200;;-14,298186841352800;28,184288886586500
-0,12058718847347000;21,492370994876000;-11,050139260545200;19,393480123737700
-1,3401248956547900;19,955355012681700;-14,121402938224000;23,190226012798200
-0,485678744575047;15,611416610939500;-14,502317483963800;16,94384940292160
-1,487861703490620;16,119424171771600;-13,257383800057900;20,67074580941750
-1,1251861017311600;20,17282212216530;-1,3646021526680600;
0,3888189102637130;19,436546353260300;-11,469440263018400;
-1,1738733263060300;14,581494890333800;-11,372272331098500;18,925853501478600
1,1126343052033000;;-12,007497457398400;23,151013581045100
-0,071120290830336;18,528782323906000;-14,503961889066000;21,45172947200780
0,08559470394452540;17,39198092448160;-13,920131567201000;29,89677732114730
-0,27837296760789400;13,40229571096500;-14,28999186210680;25,181391975786200
0,7728478385437230;14,899299092291700;-10,51687999622940;25,26647313463230
0,7831598877770110;20,81983276878650;-12,139326537434400;23,331002616346600
0,3350543519121710;18,721744367222600;-16,09461140539070;22,66815594659070
0,5647891059076480;21,719743176855200;-9,884693843230610;25,427171966188100
-0,21208966992042600;19,550125299807700;-13,48390286222250;14,736336205191700
0,5422030069090490;21,319744321435900;-11,543243970959600;20,033367050135800
-0,33787777547380700;14,081885738704800;-10,775324119907200;17,83851709295440
0,0022316221624020000;19,654848748169300;-7,158091720769490;16,287132441104500
-0,27464374936629700;12,162175201478000;-12,030804585440100;19,65391579359510
-0,4572185393191960;;-13,475152130085400;18,536637176691700
-0,6891117977217900;16,692822781202400;-17,843783994563400;25,58258826923090
0,4676901038588860;;-15,295054185051400;22,294896086060800
1,3106059128134600;20,66404352293090;-13,96921708326990;16,01010767052220
1,1711019716695600;20,602676926575300;-11,398697246465800;23,002124587925400
-1,2565653359454400;12,303017048986400;-13,472475900024100;
1,2892030514068700;18,19505122449430;-12,853757371321800;22,286885693728200
-0,31815850161792900;15,798322243209600;-13,892256725679600;23,301165050496500
0,6007330151455920;16,296610015004500;-11,034191451388400;19,88855283366080
-0,906215332047211;20,480407392187800;-12,197937686771600;
0,14197991387400500;15,278397715276800;-12,944289036432000;23,386220280242000
0,3137231828969070;21,630488106376200;-15,586266002392500;21,7071870127292
-1,4846047919196500;39,32003495013830;-13,09032116973790;20,06112621640580
0,6082671663441890;18,867224233681800;-7,79625638924151;
1,3459350078383200;18,98105067013770;-11,799465427001400;21,84154179691470
-0,17464794568162800;;-14,89868556726500;23,22956233409980
1,360168130828010;15,54750608967200;-9,745080219573210;21,5086809252971
-0,18969349345240800;20,667984925799400;;18,743940650469100
0,8495845310466170;19,958052549549500;-12,081391918578000;21,832972909816700
-2,2185699659511000;15,650958803147600;7,4337158202582;23,34003299012030
2,4187777793134600;17,71956546934930;-13,205741827375600;22,935406562442800
1,495458245242960;13,016802962531000;-13,162340563680500;
-0,2846255042536790;14,507458823986300;-14,12513685282320;20,96016103088950
-1,972089026643820;17,29820558860400;-14,438679415343300;20,824972418467900
0,28802836830548900;13,319737352792100;;21,156372783747200
-1,4439255470737600;20,913323548919400;-15,970038060421100;25,708480587736900
0,444853537557488;11,881995343700500;-6,3932283347380100;19,656448126012200
0,4115657191642820;21,956336706484900;-15,14542863230680;22,792968790112400
-0,9414031690020250;;-15,630019776909800;18,766006368545200
1,1209670236143800;21,964013722621900;-8,185352198823960;24,8541968585074
0,8055747028061740;18,12512555690970;-8,891309149450860;20,97160186096370
0,9758233372885630;18,602186110619700;-12,738351810707400;
0,008857703668895380;22,38971054626260;-12,486976523822400;23,266345616724800
-1,4155240669137100;19,061291468642600;-15,584833282126300;15,257755406190200
0,9778722722111380;12,967865688607500;-16,360481877209200;18,76156886294340
-0,27037139913579100;19,918027766305200;-14,700671652187600;
-1,389780143192670;21,75468692137420;-14,0494068914509;25,743818288525100
1,352039365974330;20,675802497943300;-12,653844880927400;24,072811947101100
2,0994075205025100;18,578332726254200;-17,770673002133000;23,158298890888700
-0,041248128979203000;19,473035130935200;-9,845505664209010;29,99115247380790
2,159121154603290;22,68191789251670;-13,67395056662890;24,25420083863430
0,09131472861134960;13,706620885093400;-17,301393401097100;
-0,38045590416635100;19,492448286332400;-13,915050409302300;30,222850338099200
-0,6304584541854780;15,673976945705900;-16,06490172618750;20,916895814773300
1,6370824079927400;19,2609039658617;-16,235080193486500;20,735287088372800
-0,7801438813877720;18,95623575883940;-16,44480377434890;18,737201418863900
0,7352693099749870;14,43456832108160;-14,862971923638300;21,665756673689100
-0,5591638350592080;14,987466457402400;-11,925684912583400;19,23151505864230
-0,4603067625743630;19,156295780432100;-14,224669322711800;24,612273815102500
1,030249693969570;14,242299473037700;-13,052220388140200;18,82372185957430
-0,38003684628935400;15,631808751303200;-12,592971436337000;18,8971382616158
-0,4047953794202930;21,352455477380000;-14,789512657118400;22,756870011015400
1,1328046971748100;16,290915060016400;-16,852040036882700;26,001493780994200
1,5973972932216200;17,920601562696600;-17,75748336683230;27,90678411616540
0,6446898032842330;22,471403351458400;;17,691153616256000
-0,6547697756239490;15,351490888369500;-12,332127373236100;
-0,5106084992975800;16,996260173580100;-12,779215699900700;19,23194910289690
0,07991526374003750;19,184577755435500;-14,167238743947800;24,180653182544700
0,32093006192565800;20,693389295039700;-13,932242766882600;18,91326877035760
-0,9878659101397720;22,176533867127100;-15,01364872089150;26,337705143633000
0,7230379395798640;22,33472987573520;-15,732963987576000;26,791078740228700
0,08551332963959900;20,966400743726200;-16,276367157707800;25,654356151465200
-1,7157083186381300;15,503308365933100;-17,77290048860370;21,068137823383000
-0,9289264824607300;13,488093300425700;-11,265748366749800;21,277041703493300
-0,5041286736516640;17,09773930355620;-14,547758065385300;21,890058329731900
-0,07285768884105510;14,695488509878200;-15,804930511314200;26,595225419609800
1,889278795504000;20,403876474383000;-11,307666928415000;18,205903176562200
0,23817130613962800;19,93130586825720;-16,664608282198600;24,478372347609600
-0,8407718898986250;13,779716416214500;-9,519683293983250;20,53965371944190
0,22063080430716300;21,725937791309500;-15,536654896675800;22,101737694247700
-0,35208774745388100;15,867432662911800;-14,859538454441100;25,58843034409840
0,32475823953354200;17,722270754910400;-13,798088155010400;18,8536610233038
0,5805676870356150;20,099337354557400;-11,805629733504500;20,544285352549700
1,209230647223940;17,734187868522500;-15,035953644086500;23,053488664359300
-0,024286495670025800;17,872878027999400;-17,156709714069400;23,347822985100500
1,6389605275998300;14,136279953357400;-16,72675916153480;23,170456804504500
0,9080226625361910;17,514435492600000;-12,895137101222200;25,169974854129200
-0,7074395448121880;21,168478932199800;;22,164031331170300
2,209855665748460;22,691763371866000;-15,65582022498100;24,636100811405800
0,32699451327009800;17,694971370633700;-15,81736022317280;24,549516502189400
-0,8351245039722350;17,81585826879080;-15,715731077127300;24,438205687705100
1,6529130512304200;;-12,921921940222800;25,18351606763030
2,0777775851984400;23,047720011052800;-17,00790589222450;24,466241196775400
-0,03302526371956060;16,310609402393600;-17,886822201638700;23,37098202300900
-0,5036502603755960;;-11,85638245284180;19,8531582960852
-0,17237495745366200;21,639732435523000;-15,46989105592070;27,751560402401200
0,7147317275177000;19,796935693740400;-15,708657518284100;28,783876825530900
1,277856655030510;14,825863439639500;-14,23801576056450;22,641778562019200
0,5704873308635740;20,01732735562270;-17,587820717069200;25,109223554062700
0,10172320847177000;15,62746284597330;-14,139007998447000;22,117161362922800
1,4980117703044300;18,882159340784000;-16,435454478661500;21,619340653450100
-0,3128364730515220;19,091032676604400;-13,448654926632000;23,965947434011900
1,030919338366910;22,58203362224990;-18,79746820334040;32,242367496148000
-0,2880627983512790;;-3,163931424898960;28,626041033008600
0,43102295801089300;16,65442422235890;-16,252465142381200;28,196600773052800
-0,11356256479045100;16,189663482160300;-17,229286596246700;25,436315743029700
-0,05585218265281090;22,64251876684340;-14,30731084157450;21,147424755296100
-0,3773865174622100;15,630108544182300;-16,1766438457071;27,03044696158010
1,3448540311806900;18,198685608831400;-14,977974403686300;15,413379368882300
-0,7329260381085350;15,831731149269500;-13,40857615842740;25,132623971394300
-0,7402322525487080;21,713040401143800;-14,387008711558800;27,27363381315760
2,1209935658451100;18,74372639974620;;24,454452764234600
0,9778475646543310;17,53143690556810;-17,113492510021000;28,998117140841400
-2,3851136986930400;17,650996406264700;;19,762336974080100
-0,5652587392104040;22,582142067229800;-30,40789382860230;28,862086971615600
-1,8119893375620500;19,61773954294440;-16,901912551867800;23,606864885492800
-0,9506906934152550;21,278678511312600;-15,754293040944300;28,45234833460970
-3,1385146662340400;23,09038516250690;-6,689006617750770;27,18059061737780
-0,13698957769394200;23,15741676040640;-15,548201629889800;28,682211536164800
-1,1419418191613100;17,445090543378600;2,7766497142236800;27,08639653012960
0,059905256796438400;23,704512631463900;-19,100064261059000;25,460825418370600
-1,6251212588825200;14,448758820146100;-20,818474027122800;28,298491256105200
0,08291185317203990;17,98835561016170;-16,118877809220200;21,560345397536800
-0,4149162781203270;23,197988575088400;-19,08838045429510;8,972696043262970
1,5019529651886000;17,00636879816980;-12,116548728569800;24,249146148293400
1,411356861745630;14,702952982186000;-15,111767891067500;22,22250037257550
0,785345603010283;17,326222850818900;-18,813733878222500;25,880838766095500
-0,3266137806612130;20,443133848469200;-14,20973851244680;24,910237402698400
1,9853803952602900;18,72332775614350;;
-1,5530352778398200;21,627348363533400;;
-1,4035586295636600;23,329106425646700;-18,186143391009600;22,097925656044000
-0,08378309988906470;21,141993749428600;-15,16789133021570;28,129028590485000
2,254038108921120;16,464667201975800;-14,158665427981300;24,61002326125060
-0,20233890687008800;23,766819023605000;-13,5182857004856;22,066312583482800
-0,18324524320928200;17,104928733474800;-19,737485669932700;28,62713796020690
-1,4419103561118100;15,978942953281600;-17,155268213819100;27,26028212266570
0,9459295852703780;15,399672788609600;-18,438018369024300;30,046497496294600
0,9531762543293540;20,153837406661700;-13,05175146981580;23,4972561913319
0,7890752013999100;15,67762462480650;-15,827885332291100;
-0,6292206728473620;15,947758841126300;-15,057504391235500;21,30028516984850
-0,7067067683730060;17,580304805955000;-15,917289288596800;22,87928495113950
-1,2931222504049700;17,41653009684460;-16,149428831186300;23,440919619024400
0,08387250176093360;20,662395103321400;;26,66900439360360
-1,0804073292785000;22,807452794726800;-17,853018845693800;21,851890602221900
-1,1774165052492900;;-16,846969270997400;22,669989487831700
-0,42369071691067600;17,304844547164800;-18,317171421276500;29,76997190972970
-0,48915617518421600;17,1531049798598;-18,716343579523500;15,907206279292100
-0,5379785288219550;24,377915301069700;-17,491354545892200;
0,4664445968402610;14,822362415919600;-18,320288017356200;20,86875016167380
0,07904780215027920;23,55720533060220;-17,04036581964510;
-0,28815603051111800;16,777285191224100;-18,055740828934100;29,050085212891500
0,18301292831148200;24,272843230897700;-18,56971731898000;25,014729632890200
-0,9915270411046320;18,243072848275200;-19,085248320627600;32,791228258856200
0,10527862390967800;19,243517738932500;;26,720437881734400
0,15060249284463400;21,93120613944380;-15,513403452285200;22,37097837570290
-1,5030468593574800;20,756690514732600;-16,018256892108800;26,553217058994100
0,995693754370362;18,07939329706820;-20,4038203701778;28,28991724617200
-0,8814337052269960;20,458309158678200;-15,660498477978200;26,48579803631080
0,09030979920643500;;-16,122381936093200;24,293917284126000
1,1644117405352700;15,383349459024900;-15,665453187205100;19,88682782211380
0,9256767577138690;15,091993052557000;-15,302775339393300;24,01266222939120
0,03433338856883550;19,580669390728900;-18,955307647566000;
-0,36249900288206900;16,33836617803510;-18,129605533919600;22,629849703380300
0,9475119085755670;21,683442914647100;-13,97907297178560;23,80453668918780
0,6746949778086200;17,200524562274300;-14,127919237043100;28,039867645268500
-0,61836502004413;19,40851106795670;-17,7731771206347;26,939107588988900
-0,7948936470016900;17,07670936874270;-16,44377715066300;35,19611526644840
-2,072355181696000;20,604835857491200;-16,29880025714630;24,794149691293800
0,1540318416835870;16,30053459384570;-14,194710735692900;29,36090904579920
-0,08269774501839870;15,391068527874800;-17,049439220123800;25,239435735606900
1,1361913746425400;15,691316381067000;-20,19457379762410;29,473693014829300
0,3590550934803670;24,7425844151531;-18,75201185699510;29,66332738625160
1,3342291941726900;16,642862186109400;-11,56292668091340;32,07572500840560
-0,6973642279161710;22,324782531368400;-20,377242514735900;24,354864840749400
1,1381503309676200;15,939262042228300;-17,78944175674480;27,232810669786600
-0,5289163791046550;16,36160352235180;-13,292933119495100;20,666941953757000
0,7775960617922720;20,388762514093300;-19,549486483568900;24,630851622146300
-1,4587583925306900;19,968709301543400;-23,433799002652700;26,958559085152400
0,23513529936618900;24,855803094398700;-23,095994528593700;23,473246846406800
-1,98468794144591;24,808354530207400;-19,62842792752770;27,124321234992500
-0,2671374859417550;23,17608642542470;-21,595869504779900;23,579481972360800
0,4403539938779140;21,4210183012735;-28,352720530760300;23,56624364643100
-0,5209685512310960;19,96960317393010;-17,59371178638030;27,65255775622530
-1,0504376287559700;19,00178534328420;-22,427674575996700;29,54413479966980
0,8461184692959340;24,930875469755600;-21,38070178451730;23,327766143381200
-0,10346278984692300;21,509088114246900;-15,73971901382630;21,84591894568280
-0,4895706470306720;21,290725276859900;-17,863681888602300;25,388230572763900
0,04189592115427650;17,839011217689100;-15,412737311218900;26,92070480743080
2,6366691419455900;16,00697817885110;-16,071978463294200;23,377818612550300
1,1535028497815400;25,011885797595400;-20,64104140794650;30,542066167252700
1,1625736681878400;24,973265613512100;-16,606063868662900;25,139479003930600
0,435546318992364;20,02589023324460;-17,274297867806600;23,41189559005650
0,16648527257714700;16,766399435857100;-27,864766587222900;
-2,3960822883304200;24,009243299092900;-21,183956658457100;29,439627033831400
-0,6789803464631320;15,936318328559300;-13,614659023144000;23,477715021655200
-0,4805744132024750;24,019907620991000;-20,375280475867500;28,881422459074200
-1,874892064047530;17,10285012787970;-17,726957767333800;23,73246758785720
-1,1574157902154300;24,585641126311500;-18,961301496375800;28,02272953507880
-1,980836470922630;23,037726373361600;-18,24255209624470;31,071973282058000
-0,038323835697372500;17,406702625073100;-18,888996136212500;22,133486763106400
0,8187659708488160;;-16,739625414113600;24,166689549473700
1,1067745186243300;18,926563143552200;;32,237276833214500
0,41478446207924100;17,602330989115800;-18,49415086485140;26,61682518229590
-0,963396341198569;24,431821994111100;-20,568946087206000;27,260003497902600
-1,9320651585199600;19,895227665072300;-19,927577681897600;25,592699969429000
-1,756868699401500;19,865437143653800;-21,97183939360860;20,834481693300000
-1,2689825772545000;17,5988667480662;-19,518858603519100;22,206967919117900
-0,8888596980356750;19,750656760857800;-22,412850400887800;23,269353807063500
-0,15974849799158700;24,656168463288500;-18,47230560057520;27,619690100758300
-1,0141642181269700;19,59128710489640;-18,348003542684300;21,774668968574500
0,3389758936682620;16,246777467805100;-16,95949607669610;
-0,23227350279947300;25,463088992083900;-21,440171586495700;
0,0105457117410256;17,46898659307350;-21,334390602169100;27,04391378087920
1,1402505526712000;17,81311253522650;-16,01059726295420;29,435226268141600
-1,18023173420037;24,68674070331890;-21,827460925903700;26,522462199275800
0,41870457829236800;20,007609189247200;-15,017567561962000;32,060509827714700
-0,013973228476073300;16,143739822830100;-20,997794233041300;26,56184553802210
-0,33348628096969500;18,85871819705370;-21,01381659216050;25,837564126466700
0,8852563208659600;22,1162899319556;;23,78748387390640
0,8790141545570070;24,15265965959970;-18,141216942604500;26,76896915300800
-0,9464907959884280;17,513886170932600;-15,986926370811000;23,699672147556600
-0,1821605838579240;17,305413644167400;-23,08260830446040;23,263068724694700
0,28121168258406500;25,440926535723300;-18,26272914438980;23,19731554884330
-0,2730067480225850;23,751483678225800;-19,451947108607000;25,567317613615500
0,5850213322877980;22,157796007780800;-21,543456108867900;24,75969249178910
0,2811920179102750;23,971867899959300;-15,657054213997800;30,11894096687880
1,8325612403560100;20,588543613066400;;26,928139858368900
-1,5302791359297900;23,904557473091300;-19,60569821474520;17,237339937027300
-0,12243598974739700;20,058029912745400;-18,601987548812300;18,64490392285540
-0,9085025115121910;18,800945724926000;-22,99670853422550;35,55642358116870
0,6041074554390440;23,670134212929700;-22,067212050842100;23,608156654597800
-1,6171718900455400;20,59672292157270;-20,265242313741900;24,97887078475880
0,3463127102248870;;-18,997196638411400;29,417632123713000
-0,6300484313483410;19,93485182308100;-17,11073125991020;27,047054194934000
-0,7341618661210140;25,67727420531070;-21,459842458398100;22,64089231545760
-1,4464982035406900;25,809625485670800;-21,94658263932940;26,561877129976400
-0,46507594620100600;18,91852947064750;-18,747147266493000;
1,0845005302909300;24,502211815880100;-20,05179602073110;28,056058812893700
-0,02518868352947950;20,870745051445700;-23,652548796113200;
0,6276804178744750;23,45632168464510;;33,11709366726450
1,664641821966280;21,08124272635240;-20,233535973496200;27,39459027846910
0,2637555848225760;24,043037173373700;-20,208407019422800;28,98693337562110
-0,5587995720623410;21,28967409163800;-19,750283454333500;19,347465988516400
0,4672522151827900;18,91800755712860;-22,560639120093400;32,23669470206170
-0,5442961463142920;18,65350128944690;-20,25202949103800;26,854998217490800
-0,5044226832971690;20,934311942563500;-18,125843246044200;24,075983093468100
-1,5198927996189800;24,25494657014220;-25,825268601434300;26,114315565888300
0,9262574910843920;22,770714851807700;-20,644779983278500;28,707565607504100
-0,3860025756494390;23,626292899005400;-23,43394147542960;29,844245577684400
0,18209824581586200;19,583263507319400;-20,204463377522700;26,47425783363760
-1,0359619286066400;21,594353459576100;-23,179569784210800;28,584325915770400
0,43594762971547200;17,24395264969330;-17,654342658099100;
-0,7619412381350840;24,99532415958120;-16,97672723253310;28,2948820926697
-0,14170872170182400;26,738921622398700;-22,21891824440880;
0,8778260312391260;20,92879062624670;-21,958881868988800;27,762478021136800
0,7907593122325290;29,732359118659100;-21,259702698865600;25,947107226629600
-0,022030072516940500;18,59792639550950;-19,712635693541100;17,75499518213950
-1,7681310327067200;23,44526877750420;-22,41809254225220;1,0936357171902000
2,9928105700606400;23,060793182038600;-21,170422310910500;
1,745858970273140;24,83864719585540;-21,77898049072030;25,056597888364500
0,7226748248882990;19,518840109610700;-21,40305498947270;23,99901075534730
-0,7532037815909710;;-19,839177355274400;24,883311603135600
-0,11359216170196500;23,899840215236700;-19,42787234086360;26,395924331092800
-0,5434204297765170;20,268144977138400;-23,51360129363190;25,45458409003080
1,2638559390963900;22,51488148056960;;28,24885893222690
0,2625028908518340;18,552738084983300;-14,328476826551000;27,31907587995660
-0,7841638583598330;21,625645034355800;-17,561549814642600;30,143681348073800
-0,470755099124782;25,931973395556400;-21,96371523813970;26,86661293812120
1,1211881425699000;21,35191379825390;-20,44619294253890;
1,6000978468204800;25,555667064754200;-20,80715653144740;32,75776372183800
1,5283315634862500;23,082533652596900;-19,85109056206260;25,8634935042371
0,7570320650539780;19,118767131023600;-21,644429169831200;26,34454318893970
-0,2526248688026370;23,031062446979000;;30,83046527628500
-3,2415138253291200;22,299833291570600;-22,321647901961000;24,369519354045300
0,2971600238082220;21,24641335196380;-18,6991228429672;31,206122728202100
-0,0018287588441003900;18,476304395160700;-20,29805757217460;26,56930752788560
0,13998209632135400;21,4670866384723;-20,31288790306880;24,800094742373500
0,05389734703320640;18,04762376239630;-18,54324170843030;30,035648987202800
-1,326262161949160;18,327690513987500;-18,54365361026990;26,58662108368200
0,5574085568511860;21,51916532932720;-18,951003934596200;32,83286251601030
0,6322163140318500;20,433814819684600;-18,663671835775900;
0,6823387820596590;26,655443258622200;-17,97466382050450;24,66649509523170
0,9465770035733870;21,177058053802700;-23,063238281124100;25,661692434829900
0,6040516449216230;25,018581220721000;;26,99970710900360
-0,4100294115389110;22,762475263662400;-19,772103334419900;26,64206857633000
-0,07083684791609020;24,520856686423400;-11,963478446671000;31,474147084282300
0,09112486725337690;20,101159830154000;-21,97650880902050;28,368807698139500
0,10769944910661800;26,93904972838330;-20,891165557711000;29,63665224215810
0,9982176559717300;22,840884969144200;-21,770271069419100;27,83549098398650
0,6436687530224910;25,873240712852500;-21,207962501313600;26,327143795956400
2,0773434395699500;21,230456934761100;-23,660783443769800;28,6929727713878
2,206468979884670;18,602113490505200;-21,475509415367700;32,3722403511797
0,07964958261392500;24,35711647720850;-21,161951867638300;24,474821191285700
-3,8366555484593700;17,717596483374200;-18,2299912648906;28,89844368981340
1,2368324661272700;22,412929765655100;-26,912565898761800;32,14974420319640
-0,5403763389870540;19,608019026664600;-22,820527541511000;25,235681670228200
-0,8014839218310070;23,97375504435360;-20,124111881097100;32,09208742624240
-0,3984452749893670;27,51419873137850;-27,92949787626700;30,489512503731500
-0,4466430468146060;22,384029063206500;-22,24469691088920;23,857158014107600
0,6122698101053930;;-22,66742692342510;31,091309407209000
-1,5594357791262300;22,857841869511200;-21,14815668638660;25,99764599831260
-1,0777207457916000;22,75840031104020;-19,20754749131880;28,8765496698313
0,3431585541974170;27,12423493178780;-18,6274376021973;30,892423547956200
0,6229440304133080;26,739658687466800;-21,266104627495300;31,44024356681200
0,641541644936012;25,718004651879700;-24,893367422888200;27,852678443961000
-0,787036278933299;20,84255753316780;-22,848373212682400;33,245807509373600
-0,97826564926624;23,350084157239400;-22,65910024988510;32,15378468306710
-0,5066348337879190;20,15897233305690;-21,14556914839570;
0,23987275228472500;22,3791669804654;-21,797506919679100;29,024433890787200
1,4854773692725500;22,802130657597900;-23,316596255672700;26,652906360152000
-2,0474371857707500;26,29640040169330;-24,473296883832900;24,730454497538600
-0,22072875695836700;12,067441008847800;-23,737153799286200;23,128478985745200
-1,3326784410252000;;-23,840693767131100;29,953608018703600
-1,6522426773534900;;-18,816846012927900;
0,9669566453448170;26,677738397893500;-23,629317212613300;51,61605092781580
0,5446245744993390;19,82278678501360;-21,999727888567500;26,697076480857200
0,4494335159472620;24,318819638903900;-20,21311718330480;28,309738512493600
0,9210258397309930;18,369709004341300;-21,790203427134700;26,19883531084830
-0,47971889676613600;22,135064752605600;-24,382005281890500;28,204829087619700
-0,43263751633352800;28,0196030211535;-20,269829944401400;26,06670326431060
2,1857306167225700;19,186936011038000;-21,561625760593300;30,016117943428200
-0,24657105425957400;22,43693151999640;-26,670975471708600;31,931608539654600
0,7351321130540910;21,29149950189950;-19,838557128011400;29,74551912572150
0,006381540963314980;27,290881233882600;-20,613240593793300;27,998603605947500
-1,8482585300784200;26,95340107907360;-21,712999027139500;31,2273921334558
-2,044629003801270;20,65698760306230;-19,15047302860890;28,33671893897840
-0,5789842199399050;19,111877870504300;-20,749064592974900;21,740583391187700
1,056101251669990;24,591383940611200;-20,22411638245430;
0,7882916566360040;21,7036871188371;-20,437196818562900;
0,9140771642240340;25,08084390606060;-21,025912018512000;46,60188543214960
-0,9870461789363150;18,701197560678100;-26,151765692274300;26,983572626950100
1,6158724901223100;19,733992351774900;-25,942934515867200;31,344189694691400
-0,9648933001863840;25,283722327726400;-20,928319034314300;25,80475709413290
0,21282439866996900;20,56370655302500;-20,19669852184970;21,526319878877100
-0,010352289907736700;27,035876757624000;;33,03672971562850
-0,17387382031458600;19,065908877101400;-24,947525687532000;24,958812558270700
1,3385921382956100;20,654819827855700;-22,22469972641300;32,278867237678700
-0,7051105201659610;28,505602484850700;-25,684109513845200;23,37708248352710
-1,349605255711930;22,870761025867900;-23,147795688247600;25,873091644792400
0,01999548620641930;25,589656635446400;-23,550212947030500;30,46060179593300
-0,3998267342865270;20,406630488570100;-23,31891340600310;28,339354234007000
3,377382919082650;24,69868734985540;-19,1311379641894;29,717441989584300
0,676507476439975;25,881060683694200;-24,197982916921500;27,092219000913800
-0,4093405752186240;21,784766358665100;;32,124038998125100
-1,0561115691870900;26,948971119758800;-25,614312403538500;29,94054202496000
-1,8802884105687800;24,714175784722800;-21,139251926168400;30,043906179185200
-1,025219085737430;22,5912300961503;-23,409171048213800;28,99668187728370
0,11494177175913200;24,296423933431600;-20,723383509444500;32,487883706913500
1,4273286515947700;24,507608474359200;-28,024214226484800;30,42045483202480
1,121689142387920;20,415352926938700;;29,872714148797600
0,2290948316463790;22,807323698669700;-22,905744928686800;30,737935428371700
-0,3231676657024850;22,23430588019490;-23,280584077369600;23,520066324781000
0,26881235641215400;22,82902722579130;-24,513997570462600;
-0,518637997484576;26,45110588485260;-21,686350371217700;28,647928748801600
1,7183639957638800;23,685384074666700;-24,34487102905720;32,36575253112240
-0,18919018127508000;28,28316153239260;-23,132485642191600;
-0,08633785824672690;21,836764133584400;-21,506096885490000;29,503317279976100
-2,215822425020670;23,077035782849300;-25,23953903865310;34,69152148609690
-0,19543484652276400;32,68014345073580;-21,928830658538200;28,862854878706700
0,836484137964941;24,420245933207500;-22,77019485602800;24,969178608119800
-1,0677225770385500;24,450281464244500;-24,13734826194790;35,5018201530934
-0,7507203344928130;;-24,83641319073860;26,85335918867160
0,7927110177336650;23,005996627184600;;25,900666036295900
-1,4766572235180500;21,747337324217300;-23,720531912717900;
1,0578010075419200;29,05335122831120;-24,25400334466850;31,2429934818377
-0,532143890173102;22,163550706323100;-22,341736482628800;32,97333992096950
-0,38856822049120300;27,944965347938600;-22,574004067902000;34,3812090418579
-1,1238784051255900;25,882337350404800;-21,539765391277200;29,165960387183500
0,3780462604278830;22,549164091920900;-21,49654143196120;26,179378909014300
2,45987198502938;24,595343783741200;-17,428924245228700;27,4501652039545
0,781497239460632;27,585358799491900;-22,742680062258400;29,280752248187700
-0,8642852619405360;28,033682980309100;-25,520941178817100;29,136445085917900
1,135620585491480;20,82393875006150;-22,17761402161940;33,144894500136400
-0,31667954593424900;38,53014424769870;-20,64819188692340;25,287158929601700
1,3744849814275600;22,612231802135700;-22,940205351235200;25,913571544164300
0,8066764021643630;19,700447960759400;-28,168582110417900;28,35057063851400
-2,9431415654717300;25,282377598519000;-22,839279591994100;30,407612427473300
-1,0040796329550300;27,86820052992190;;27,992031199362600
0,9443852228353900;23,155743878255200;-26,653851760158900;27,76775127254890
0,15165727214501800;23,74237451587920;-23,666626453391800;32,88123925792100
-1,0237559477078500;25,657004136007400;-27,12162996523160;30,79585916916370
-0,6335895154938130;23,15648735493000;-22,05370579140870;26,445831667583800
-1,9062366200893800;20,83059799492300;-22,66824166513510;27,890875097440700
-0,08837328752639600;26,533238527759700;-24,333337880498200;30,990451104170500
2,2106897260157600;28,005651689412400;-25,290156464415200;25,676932962635600
0,8049333907323260;26,33854492401490;-24,588198575447500;31,012199362755800
2,190417001188420;19,67878484034820;-26,271830495204300;
0,8823970897899800;21,682328943909900;-24,434088584161500;30,60842482965810
1,0274793433526900;20,23479984883530;-29,99891815498710;29,899593433265200
1,9740786877450200;25,263860995762300;-29,44310914769020;26,20793705617200
0,3772632593422260;27,144776788404100;-24,141560116822200;
-0,18722732150688000;20,705791870686600;-22,709700663818500;33,94220299504960
1,0326575166220100;28,003378205933900;-23,83037684801320;36,733965424263500
1,4538402371218800;25,195089783954800;-22,505330476257;24,398273436943800
-0,47996464271220900;26,559690121417200;-23,395937781895200;32,78936934800040
-0,7215690823400290;29,394018486086500;-22,44695145918780;30,566850216355400
0,13885603243088000;20,536809882477000;-19,307149872014900;35,946849769422900
0,8314988669316620;28,732240229777900;-23,73996571610330;28,04446446773100
0,7980910486615620;21,001026959874100;-24,241951710465300;32,43485140165110
-1,4241676001876000;23,689588066366800;-22,26590215746370;28,85207026093080
1,9116060670633200;28,294386963311100;-25,606463005540700;33,62420963141730
-0,6411649293968500;28,862542367378700;;36,733863594458100
-0,2650649968885790;24,883716735451500;-23,88801076344290;25,08335511105660
-0,9026543599878200;25,78104638275430;-24,61516992454300;26,423112852206300
2,6983288359370900;26,94147334598560;-24,654173118398200;34,101618318790000
0,24207067028796700;28,20758668452710;-23,020441593347400;31,576446509041300
-0,8509750806815650;21,115111695376700;-28,242109679039100;11,285147949381800
0,8639235499624460;28,020693082292300;-20,81308184305550;34,66971582417610
0,7691357793100330;24,75276150511620;-23,93819996403090;26,527090590400700
-0,1877270235798840;24,46623425108170;-25,74052265962850;27,811454165496000
0,8406067127833830;;-44,47739955382800;31,76279603502870